Points:0,Points:1,Points:2,T,U:0,U:1,U:2,p,p_rgh,qr,theta,wallHeatFlux
-0.02500000037,-2.587900028e-08,0.02512799948,303.1265259,0,0,0,0.0001078750356,0.0001075909968,125.1894989,0,-353.4329834
0.02500000037,-2.587909975e-08,0.02512799948,303.20401,0,0,0,-8.057500236e-05,-8.085729496e-05,92.41470337,0,-459.8955078
0.02499509975,0.0002497939859,0.02512799948,303.2034912,0,0,0,-0.003015059978,-7.722379814e-05,92.17314911,1.134445664,-458.0750122
0.02499019913,0.0004995079944,0.02512799948,303.2025146,0,0,0,-0.005950659979,-7.564565021e-05,92.13285065,1.604405146,-456.4749756
0.02498530038,0.0007491069846,0.02512799948,303.2019958,0,0,0,-0.008884700015,-7.391144754e-05,92.07200623,1.964907029,-456.117981
0.0249796994,0.0009985730285,0.02512799948,303.2019958,0,0,0,-0.01181454957,-7.018649922e-05,91.77415466,2.309146159,-455.4320068
0.02496499941,0.001247670036,0.02512799948,303.2014771,0,0,0,-0.01474224962,-6.660584768e-05,91.49380493,3.032187167,-453.5209961
0.02495029941,0.001496850047,0.02512799948,303.2005005,0,0,0,-0.0176725015,-6.505174679e-05,91.44790649,3.613435978,-451.9664917
0.02493559942,0.001746410038,0.02512799948,303.2000122,0,0,0,-0.02060635015,-6.317949737e-05,91.3588562,4.113446001,-451.5859985
0.02491950057,0.001996459905,0.02512799948,303.2000122,0,0,0,-0.02354905009,-5.921199772e-05,91.00610352,4.599182256,-450.8745117
0.02489460073,0.002248869976,0.02512799948,303.1995239,0,0,0,-0.02631979994,-5.529855116e-05,90.69644928,5.263069657,-449.3720093
0.02487600036,0.002437579911,0.02512799948,303.1990051,0,0,0,-0.02909550071,-5.545280146e-05,90.64755249,5.708966702,-448.4974976
0.02484509908,0.002751630032,0.02512799948,303.1984863,0,0,0,-0.03223755211,-5.354399764e-05,90.50409698,6.381446408,-447.1965027
0.02481760085,0.003003980033,0.02512799948,303.1975098,0,0,0,-0.03536900133,-4.739954966e-05,90.104599,6.9253773,-444.8989868
0.02478330024,0.003252239898,0.02512799948,303.1965027,0,0,0,-0.03829474747,-4.374959826e-05,89.7936554,7.549375892,-442.7080078
0.02474910021,0.003499580082,0.02512799948,303.1954956,0,0,0,-0.04120565206,-4.229124897e-05,89.73705292,8.124219732,-441.2340088
0.02471490018,0.00374703994,0.02512799948,303.1950073,0,0,0,-0.04411789775,-3.948485028e-05,89.54815674,8.661232299,-440.6074829
0.02467699908,0.003996099811,0.02512799948,303.194519,0,0,0,-0.04686279967,-3.582130012e-05,89.10279846,9.220154758,-439.5764771
0.02464319952,0.004185230006,0.02512799948,303.1940002,0,0,0,-0.04964499921,-3.429210119e-05,88.78970337,9.691661124,-437.882019
0.02458620071,0.004504560027,0.02512799948,303.1929932,0,0,0,-0.05280994996,-3.307229781e-05,88.72509766,10.43910717,-435.9324951
0.02454170026,0.0047534802,0.02512799948,303.1919861,0,0,0,-0.05593154952,-2.939154911e-05,88.45259857,10.98773381,-434.5510254
0.02449290082,0.004999130033,0.02512799948,303.1919861,0,0,0,-0.05882775038,-2.493724969e-05,87.96565247,11.55981615,-433.3250122
0.02443890087,0.005245340057,0.02512799948,303.1914978,0,0,0,-0.06154605001,-2.149994907e-05,87.68269348,12.16194569,-431.8829956
0.02439769916,0.005432850216,0.02512799948,303.1910095,0,0,0,-0.06432305276,-2.157700146e-05,87.61929321,12.60230993,-431.2900085
0.02432679944,0.00575596001,0.02512799948,303.1904907,0,0,0,-0.06749400496,-1.829874964e-05,84.35334778,13.32659703,-426.7609863
0.02426600084,0.006001689937,0.02512799948,303.1895142,0,0,0,-0.07060015202,-1.183100539e-05,82.81710052,13.9182216,-423.286499
0.02420240082,0.006245629862,0.02512799948,303.1889954,0,0,0,-0.07330275327,-8.615290426e-06,84.52674866,14.51180494,-424.3905029
0.0241537001,0.006432190072,0.02512799948,303.1889954,0,0,0,-0.07607120275,-9.442584997e-06,84.49725342,14.95073662,-424.555481
0.02406910062,0.00675632013,0.02512799948,303.1879883,0,0,0,-0.07923395187,-6.109868536e-06,89.17810059,15.68468882,-427.6364746
0.02399699949,0.006998190191,0.02512799948,303.1865234,0,0,0,-0.0823110044,8.857715557e-07,94.54370117,16.28474622,-430.2520142
0.02392389998,0.007239100058,0.02512799948,303.1860046,0,0,0,-0.08495564759,3.248625035e-06,95.12464905,16.87190811,-429.5084839
0.02387039922,0.007415569853,0.02512799948,303.1860046,0,0,0,-0.08768545091,2.411482001e-06,95.4342041,17.28936724,-429.5159912
0.0237680003,0.007749760058,0.02512799948,303.1849976,0,0,0,-0.09087210149,6.147046861e-06,100.8088989,18.06228806,-433.2730103
0.02368469909,0.00798986014,0.02512799948,303.1835022,0,0,0,-0.09377939999,1.20657005e-05,105.7350006,18.66822027,-435.5894775
0.0236236006,0.008166169748,0.02512799948,303.1824951,0,0,0,-0.09650714695,1.249805064e-05,105.6529999,19.10085588,-434.0444946
0.02350739948,0.008501229808,0.02512799948,303.1820068,0,0,0,-0.09957695007,1.550705019e-05,106.875,19.89867817,-434.4440002
0.02343649976,0.008699730039,0.02512799948,303.1815186,0,0,0,-0.1026419997,1.97490499e-05,112.1669998,20.37072137,-438.7764893
0.02331450023,0.009011459537,0.02512799948,303.1799927,0,0,0,-0.1057495028,2.271045014e-05,116.2275009,21.15936929,-440.7255249
0.02322209999,0.009247380309,0.02512799948,303.1795044,0,0,0,-0.1085734963,2.658599988e-05,116.1380005,21.73848611,-439.8175049
0.02315239981,0.009425540455,0.02512799948,303.1799927,0,0,0,-0.1112779975,2.81012999e-05,119.0895004,22.16579418,-442.9869995
0.02301549911,0.009753439575,0.02512799948,303.1790161,0,0,0,-0.1142845005,3.220535291e-05,124.3759995,22.98311454,-446.3825073
0.02293249965,0.009943179786,0.02512799948,303.1774902,0,0,0,-0.1172814965,3.609855048e-05,126.5975037,23.46550351,-446.3794861
0.02279550023,0.01025629975,0.02512799948,303.1765137,0,0,0,-0.1203529984,3.804709922e-05,126.9609985,24.24191243,-445.0184937
0.02269430086,0.01048559975,0.02512799948,303.1759949,0,0,0,-0.1230930015,4.377315054e-05,132.151001,24.80074364,-449.0994873
0.0226156991,0.01064770017,0.02512799948,303.1754761,0,0,0,-0.1257079989,4.640754923e-05,136.9404907,25.22677742,-452.3995056
0.02245239913,0.0109842997,0.02512799948,303.1744995,0,0,0,-0.1286659986,4.820584945e-05,136.855011,26.09109181,-450.3220215
0.02236939967,0.01115550008,0.02512799948,303.1735229,0,0,0,-0.1316289902,4.974220064e-05,138.9584961,26.52032952,-451.3269958
0.02220300026,0.01148470026,0.02512799948,303.1724854,0,0,0,-0.1345489919,5.269699977e-05,144.0979919,27.36204929,-454.6989746
0.02211520076,0.01164910011,0.02512799948,303.1715088,0,0,0,-0.1373899877,5.931095075e-05,147.0614929,27.79667608,-455.4989929
0.02194930054,0.01195949968,0.02512799948,303.17099,0,0,0,-0.1405814886,6.186189421e-05,147.8250122,28.60131105,-455.3059998
0.0217860993,0.01226039976,0.02512799948,303.1705017,0,0,0,-0.1437819898,6.715975178e-05,152.9005127,29.37312561,-459.9329834
0.02168180048,0.01243839972,0.02512799948,303.1694946,0,0,0,-0.146626994,7.271674986e-05,157.1855011,29.85683844,-462.7749939
0.02149860002,0.012751,0.02512799948,303.1690063,0,0,0,-0.1494729966,7.689050108e-05,157.1799927,30.68970411,-461.6295166
0.02140120044,0.01291699987,0.02512799948,303.1685181,0,0,0,-0.1522585005,7.332980022e-05,159.7649994,31.12429116,-462.838501
0.02121620066,0.01321840007,0.02512799948,303.1669922,0,0,0,-0.1553809941,7.411219849e-05,164.7420044,31.93507561,-464.9500122
0.02102839947,0.01351169962,0.02512799948,303.1659851,0,0,0,-0.1584725082,8.539225382e-05,167.0865021,32.73972871,-465.3999939
0.02092139982,0.01367889997,0.02512799948,303.1654968,0,0,0,-0.1611869931,8.821935626e-05,168.5085144,33.19040566,-466.1829834
0.02072669938,0.01397529989,0.02512799948,303.1644897,0,0,0,-0.1642614901,9.210589633e-05,173.4425049,33.99688476,-469.7449951
0.02052690089,0.01426209975,0.02512799948,303.1640015,0,0,0,-0.1672819853,9.997899906e-05,176.8800049,34.80734546,-471.9305115
0.02041549981,0.0144218998,0.02512799948,303.1635132,0,0,0,-0.169927001,9.443260205e-05,177.1399994,35.25214058,-471.0010071
0.02021140046,0.01471319981,0.02512799948,303.1619873,0,0,0,-0.1729460061,9.514659905e-05,182.0075073,36.0546466,-473.335022
0.01999589987,0.01499779988,0.02512799948,303.1605225,0,0,0,-0.175898999,0.0001076394983,186.5234985,36.88555613,-475.7750244
0.0198839996,0.01514570042,0.02512799948,303.1600037,0,0,0,-0.1784409881,0.0001086350021,186.427002,37.31072972,-474.7575073
0.01966870017,0.01543010026,0.02512799948,303.1594849,0,0,0,-0.1813474894,0.0001109450022,190.4329987,38.1173622,-477.5004883
0.01944799908,0.01570259966,0.02512799948,303.1585083,0,0,0,-0.1845785081,0.0001161385007,195.1875,38.92947827,-480.223999
0.01922559924,0.01597359963,0.02512799948,303.1575012,0,0,0,-0.1877745092,0.0001204599976,196.0635071,39.73367708,-479.302002
0.01900020055,0.01624739915,0.02512799948,303.1575012,0,0,0,-0.1905680001,0.0001292320085,200.7200012,40.53509488,-483.7745056
0.01888079941,0.01638180017,0.02512799948,303.1560059,0,0,0,-0.1929545105,0.0001258270058,205.230011,40.9543565,-486.0195007
0.01864279993,0.01664960012,0.02512799948,303.1535034,0,0,0,-0.1957010031,0.0001279939897,205.1560059,41.7797094,-482.0184937
0.01840749942,0.01691439934,0.02512799948,303.1525269,0,0,0,-0.1987920105,0.0001324570039,208.7489929,42.58282312,-483.6925049
0.01816600002,0.01716969907,0.02512799948,303.1514893,0,0,0,-0.2018119991,0.0001398000022,213.2820129,43.3945519,-486.2099915
0.01792179979,0.01742379926,0.02512799948,303.151001,0,0,0,-0.2048000097,0.000143600002,214.1264954,44.20317351,-485.5269775
0.01767770015,0.01767770015,0.02512799948,303.1505127,0,0,0,-0.2077559978,0.0001461009961,218.6029968,44.99990076,-488.7755127
0.01742379926,0.01792179979,0.02512799948,303.1489868,0,0,0,-0.2106534988,0.000148755993,223.0825043,45.81703116,-491.0620117
0.01716969907,0.01816600002,0.02512799948,303.147522,0,0,0,-0.2135140002,0.000152224995,223.8999939,46.62361696,-489.8914795
0.01691439934,0.01840749942,0.02512799948,303.1464844,0,0,0,-0.2163369954,0.0001594985079,228.2034912,47.42334649,-492.6724854
0.01664960012,0.01864279993,0.02512799948,303.1459961,0,0,0,-0.2191269994,0.0001634994987,231.5960083,48.24214009,-494.5465088
0.01638180017,0.01888079941,0.02512799948,303.1464844,0,0,0,-0.2215679884,0.0001654259977,231.5065002,49.05972181,-495.1954956
0.01624739915,0.01900020055,0.02512799948,303.1459961,0,0,0,-0.223636508,0.0001616459922,235.5765076,49.46624137,-498.8175049
0.01597359963,0.01922559924,0.02512799948,303.1445007,0,0,0,-0.2259600013,0.0001690349891,239.7854919,50.28687987,-500.147522
0.01570259966,0.01944799908,0.02512799948,303.1434937,0,0,0,-0.2285764962,0.000172647502,240.5415039,51.08962379,-499.1160278
0.01543010026,0.01966870017,0.02512799948,303.1425171,0,0,0,-0.2311570048,0.0001770355011,244.611496,51.88775724,-501.6455078
0.01514570042,0.0198839996,0.02512799948,303.1414795,0,0,0,-0.2333990037,0.0001788585068,248.0274963,52.71155107,-503.2319946
0.01499779988,0.01999589987,0.02512799948,303.1405029,0,0,0,-0.2353235036,0.0001792304975,247.9349976,53.13640496,-501.4309998
0.01471319981,0.02021140046,0.02512799948,303.1400146,0,0,0,-0.2375105023,0.0001892889995,251.6069946,53.94738048,-503.9890137
0.0144218998,0.02041549981,0.02512799948,303.1400146,0,0,0,-0.2396714985,0.0001898919872,255.5585022,54.76888479,-507.223999
0.01426209975,0.02052690089,0.02512799948,303.1390076,0,0,0,-0.2415190041,0.0001848730026,255.7485046,55.21601725,-505.9945068
0.01397529989,0.02072669938,0.02512799948,303.1380005,0,0,0,-0.2435885072,0.000190653489,258.4129944,56.01250182,-506.9100037
0.01367889997,0.02092139982,0.02512799948,303.1375122,0,0,0,-0.2456330061,0.000193357002,262.2139893,56.82787947,-509.0380249
0.01351169962,0.02102839947,0.02512799948,303.1364746,0,0,0,-0.2473855019,0.0001949599973,263.2785034,57.2844977,-508.2030029
0.01321840007,0.02121620066,0.02512799948,303.135498,0,0,0,-0.2493405044,0.0002031339973,264.9974976,58.07990865,-508.7365112
0.01291699987,0.02140120044,0.02512799948,303.1350098,0,0,0,-0.2512664795,0.0002036234946,268.621521,58.89018557,-511.9765015
0.012751,0.02149860002,0.02512799948,303.1345215,0,0,0,-0.2529255152,0.0002003595,270.4714966,59.33350583,-512.6009521
0.01243839972,0.02168180048,0.02512799948,303.1340027,0,0,0,-0.2545934916,0.0002029669995,270.4450073,60.16288421,-511.0794983
0.01226039976,0.0217860993,0.02512799948,303.1329956,0,0,0,-0.2562220097,0.0002064695,273.4100037,60.63207291,-512.8065186
0.01195949968,0.02194930054,0.02512799948,303.1315002,0,0,0,-0.2579734921,0.0002096705139,276.9130249,61.42035021,-514.0419922
0.01164910011,0.02211520076,0.02512799948,303.1304932,0,0,0,-0.2596859932,0.0002111655049,277.4039917,62.22737138,-512.6934814
0.01148470026,0.02220300026,0.02512799948,303.1300049,0,0,0,-0.2611755133,0.0002151920053,279.3424988,62.65237602,-514.0825195
0.01115550008,0.02236939967,0.02512799948,303.1295166,0,0,0,-0.26265499,0.0002165240003,282.6854858,63.49857933,-516.5205078
0.0109842997,0.02245239913,0.02512799948,303.1289978,0,0,0,-0.2641119957,0.0002169460058,284.0155029,63.93618161,-516.3845215
0.01064770017,0.0226156991,0.02512799948,303.1289978,0,0,0,-0.2655465007,0.0002177979914,283.9295044,64.79184917,-515.5200195
0.01048559975,0.02269430086,0.02512799948,303.128479,0,0,0,-0.2667855024,0.000219121488,286.8729858,65.20177308,-517.5894775
0.01025629975,0.02279550023,0.02512799948,303.1275024,0,0,0,-0.2680119872,0.0002219784947,290.0574951,65.77933459,-519.5684814
0.009943179786,0.02293249965,0.02512799948,303.1270142,0,0,0,-0.2693585157,0.0002226234938,290.2440186,66.56382907,-518.7369995
0.009753439575,0.02301549911,0.02512799948,303.1270142,0,0,0,-0.2706499994,0.0002244744974,291.5255127,67.0369395,-519.4119873
0.009425540455,0.02315239981,0.02512799948,303.1265259,0,0,0,-0.2719025016,0.0002264685027,294.565979,67.85068358,-521.6270142
0.009247380309,0.02322209999,0.02512799948,303.125,0,0,0,-0.2729865015,0.0002270500117,296.2365112,68.29084509,-521.2485352
0.009011459537,0.02331450023,0.02512799948,303.1239929,0,0,0,-0.2740920186,0.0002287040115,296.1579895,68.87165053,-519.8309937
0.008699730039,0.02343649976,0.02512799948,303.1239929,0,0,0,-0.2752885222,0.0002296864986,298.352478,69.63562507,-521.3564453
0.008501229808,0.02350739948,0.02512799948,303.1234741,0,0,0,-0.2764040232,0.0002314560115,301.2050171,70.12012883,-522.7564697
0.008166169748,0.0236236006,0.02512799948,303.1224976,0,0,0,-0.2774745226,0.0002327270049,301.8225098,70.93462484,-521.8880005
0.00798986014,0.02368469909,0.02512799948,303.1220093,0,0,0,-0.2784205079,0.0002326674876,301.7489929,71.36160196,-521.0189819
0.007749760058,0.0237680003,0.02512799948,303.1220093,0,0,0,-0.2793884873,0.0002350249997,304.223999,71.9413479,-523.3444824
0.007415569853,0.02387039922,0.02512799948,303.121521,0,0,0,-0.2803915143,0.0002364009997,306.9224854,72.74512724,-525.0549927
0.007239100058,0.02392389998,0.02512799948,303.1204834,0,0,0,-0.2812229991,0.000235698506,307.0474854,73.16814471,-523.6425171
0.006998190191,0.02399699949,0.02512799948,303.1199951,0,0,0,-0.2820214927,0.0002364169923,307.3015137,73.74411584,-523.0975342
0.00675632013,0.02406910062,0.02512799948,303.1199951,0,0,0,-0.2829065025,0.0002391705057,309.7984924,74.32068921,-525.4599609
0.006432190072,0.0241537001,0.02512799948,303.1195068,0,0,0,-0.2837585211,0.0002403359977,311.9649963,75.09082123,-526.7359619
0.006245629862,0.02420240082,0.02512799948,303.1184998,0,0,0,-0.2844814956,0.0002396609925,311.9249878,75.53283165,-524.9420166
0.006001689937,0.02426600084,0.02512799948,303.1174927,0,0,0,-0.2851765156,0.0002406144922,312.6640015,76.10946994,-524.4914551
0.00575596001,0.02432679944,0.02512799948,303.1170044,0,0,0,-0.2859275043,0.0002427794971,314.9609985,76.68889221,-526.1894531
0.005432850216,0.02439769916,0.02512799948,303.1165161,0,0,0,-0.2866435051,0.0002437869989,316.4664917,77.44867938,-526.6589966
0.005245340057,0.02443890087,0.02512799948,303.1159973,0,0,0,-0.287253499,0.0002434630005,316.4169922,77.8885709,-525.37146
0.004999130033,0.02449290082,0.02512799948,303.1154785,0,0,0,-0.2878344953,0.0002444405109,317.510498,78.46507588,-525.6555176
0.0047534802,0.02454170026,0.02512799948,303.1149902,0,0,0,-0.288410008,0.0002457500086,319.6254883,79.03909166,-526.62854
0.004504560027,0.02458620071,0.02512799948,303.114502,0,0,0,-0.2889820039,0.0002466955048,320.6245117,79.61961566,-526.614502
0.004185230006,0.02464319952,0.02512799948,303.1140137,0,0,0,-0.2895469964,0.000246766489,320.5654907,80.36278148,-526.0045166
0.003996099811,0.02467699908,0.02512799948,303.1140137,0,0,0,-0.290024519,0.000246988493,321.8334961,80.80215889,-526.6209717
0.00374703994,0.02471490018,0.02512799948,303.1135254,0,0,0,-0.2904465199,0.0002478954848,323.7869873,81.37993496,-527.5025024
0.003499580082,0.02474910021,0.02512799948,303.1124878,0,0,0,-0.2908595204,0.0002484305005,324.4024963,81.9531257,-526.9094849
0.003252239898,0.02478330024,0.02512799948,303.1119995,0,0,0,-0.2912620008,0.0002485089935,324.3504944,82.52523024,-526.2104492
0.003003980033,0.02481760085,0.02512799948,303.1119995,0,0,0,-0.2916439772,0.0002493354841,325.6329956,83.09870936,-527.0994873
0.002751630032,0.02484509908,0.02512799948,303.1119995,0,0,0,-0.2919960022,0.0002509490005,327.3670044,83.68092584,-528.3745117
0.002437579911,0.02487600036,0.02512799948,303.1115112,0,0,0,-0.2923130095,0.0002512505162,327.7634888,84.40458853,-527.9310303
0.002248869976,0.02489460073,0.02512799948,303.1109924,0,0,0,-0.2925870121,0.0002508810139,327.7049866,84.83899327,-527.0319824
0.001996459905,0.02491950057,0.02512799948,303.1104736,0,0,0,-0.2928349972,0.0002516614913,329.04599,85.41957359,-527.7409668
0.001746410038,0.02493559942,0.02512799948,303.1094971,0,0,0,-0.2930455208,0.0002524195006,330.598999,85.99426055,-528.1445312
0.001496850047,0.02495029941,0.02512799948,303.1090088,0,0,0,-0.2932220101,0.0002525995078,330.7584839,86.56741938,-527.1555176
0.001247670036,0.02496499941,0.02512799948,303.1090088,0,0,0,-0.293394506,0.000252687023,330.7064819,87.13936257,-526.6405029
0.0009985839715,0.0249796994,0.02512799948,303.1085205,0,0,0,-0.2935404778,0.000253242004,331.9544983,87.71080511,-527.4980469
0.0007491279976,0.02498530038,0.02512799948,303.1080017,0,0,0,-0.2936304808,0.0002538224799,333.2990112,88.28286805,-527.8010254
0.0004995419877,0.02499019913,0.02512799948,303.1074829,0,0,0,-0.293689996,0.0002539255074,333.3485107,88.85505789,-526.7905273
0.0002498390095,0.02499509975,0.02512799948,303.1069946,0,0,0,-0.2937474847,0.0002539815032,333.3040161,89.42740162,-526.375
2.587900028e-08,0.02500000037,0.02512799948,303.1069946,0,0,0,-0.2937754989,0.0002544345043,334.4389954,89.99994068,-527.1550293
-0.0002497939859,0.02499509975,0.02512799948,303.1065063,0,0,0,-0.2937465012,0.000254876999,335.5775146,90.57249516,-527.2470093
-0.0004995079944,0.02499019913,0.02512799948,303.1059875,0,0,0,-0.2936890125,0.0002548994962,335.5375061,91.14486417,-526.1920166
-0.0007491069846,0.02498530038,0.02512799948,303.1059875,0,0,0,-0.2936289907,0.0002549400087,335.5720215,91.71708375,-525.8914795
-0.0009985730285,0.0249796994,0.02512799948,303.1054993,0,0,0,-0.2935380042,0.0002552660007,336.5035095,92.28916977,-526.456543
-0.001247670036,0.02496499941,0.02512799948,303.105011,0,0,0,-0.2933920026,0.0002555579995,337.3615112,92.86063741,-526.3165283
-0.001496850047,0.02495029941,0.02512799948,303.1044922,0,0,0,-0.2932195067,0.0002555384999,337.3214722,93.43258059,-525.3615112
-0.001746410038,0.02493559942,0.02512799948,303.1040039,0,0,0,-0.2930420041,0.0002555479878,337.3984985,94.00573943,-525.1765137
-0.001996459905,0.02491950057,0.02512799948,303.1040039,0,0,0,-0.292830497,0.0002557664993,338.1254883,94.58042638,-525.6224976
-0.002248869976,0.02489460073,0.02512799948,303.1040039,0,0,0,-0.2925820053,0.0002559610002,338.7369995,95.16100671,-525.5395508
-0.002437579911,0.02487600036,0.02512799948,303.1035156,0,0,0,-0.2923085093,0.0002557355037,338.6984863,95.59541144,-525.0159912
-0.002751630032,0.02484509908,0.02512799948,303.1029968,0,0,0,-0.291991502,0.000255577499,338.8255005,96.31907414,-524.4940186
-0.003003980033,0.02481760085,0.02512799948,303.102478,0,0,0,-0.2916380167,0.0002557504922,339.3389893,96.90129061,-523.9880371
-0.003252239898,0.02478330024,0.02512799948,303.1019897,0,0,0,-0.2912549973,0.0002558059932,339.6895142,97.47476974,-523.3480225
-0.003499580082,0.02474910021,0.02512799948,303.1019897,0,0,0,-0.2908524871,0.0002557844855,339.6579895,98.04687428,-522.5830078
-0.00374703994,0.02471490018,0.02512799948,303.1019897,0,0,0,-0.2904390097,0.0002557885018,339.7655029,98.62006502,-522.4824829
-0.003996099811,0.02467699908,0.02512799948,303.1015015,0,0,0,-0.2900165021,0.0002557410044,340.0725098,99.19784109,-522.5200195
-0.004185230006,0.02464319952,0.02512799948,303.1010132,0,0,0,-0.2895390093,0.000255554507,340.2390137,99.63721849,-522.0189819
-0.004504560027,0.02458620071,0.02512799948,303.1005249,0,0,0,-0.2889735103,0.0002553890226,340.2080078,100.3803843,-521.0794678
-0.0047534802,0.02454170026,0.02512799948,303.1000061,0,0,0,-0.288400501,0.0002553130034,340.2634888,100.9609083,-520.6450195
-0.004999130033,0.02449290082,0.02512799948,303.1000061,0,0,0,-0.2878239751,0.000255173014,340.3544922,101.5349241,-520.4500122
-0.005245340057,0.02443890087,0.02512799948,303.1000061,0,0,0,-0.2872419953,0.0002550104982,340.3630066,102.1114291,-519.9625244
-0.005432850216,0.02439769916,0.02512799948,303.1000061,0,0,0,-0.286632508,0.0002548205084,340.3359985,102.5513206,-519.7860107
-0.00575596001,0.02432679944,0.02512799948,303.0994873,0,0,0,-0.2859160006,0.0002545274911,340.2670288,103.3111078,-519.2185059
-0.006001689937,0.02426600084,0.02512799948,303.098999,0,0,0,-0.2851629853,0.0002542875009,340.1480103,103.89053,-518.2584839
-0.006245629862,0.02420240082,0.02512799948,303.098999,0,0,0,-0.2844670117,0.0002540799906,340.069519,104.4671683,-518.0264893
-0.006432190072,0.0241537001,0.02512799948,303.098999,0,0,0,-0.2837449908,0.0002539419802,340.0419922,104.9091787,-518.2855225
-0.00675632013,0.02406910062,0.02512799948,303.0985107,0,0,0,-0.282893002,0.0002535234962,339.757019,105.6793108,-517.3914795
-0.006998190191,0.02399699949,0.02512799948,303.0979919,0,0,0,-0.2820059955,0.0002529604826,339.4254761,106.2558841,-515.8565063
-0.007239100058,0.02392389998,0.02512799948,303.0979919,0,0,0,-0.2812069952,0.0002527140023,339.3574829,106.8318553,-515.3134766
-0.007415569853,0.02387039922,0.02512799948,303.0979919,0,0,0,-0.2803764939,0.0002526419994,339.3049927,107.2548727,-515.3475342
-0.007749760058,0.0237680003,0.02512799948,303.0974731,0,0,0,-0.2793725133,0.0002522100112,338.7535095,108.0586521,-514.2454834
-0.00798986014,0.02368469909,0.02512799948,303.0969849,0,0,0,-0.2784020007,0.0002516729874,338.2445068,108.638398,-512.6459961
-0.008166169748,0.0236236006,0.02512799948,303.0969849,0,0,0,-0.2774559855,0.000251459016,338.2269897,109.0653751,-512.1385498
-0.008501229808,0.02350739948,0.02512799948,303.0969849,0,0,0,-0.2763850093,0.0002509219921,338.0465088,109.8798711,-511.8630371
-0.008699730039,0.02343649976,0.02512799948,303.0964966,0,0,0,-0.2752680182,0.0002503665164,337.2885132,110.3643749,-510.960022
-0.009011459537,0.02331450023,0.02512799948,303.0960083,0,0,0,-0.2740709782,0.0002500424744,336.6809998,111.1283494,-509.6065063
-0.009247380309,0.02322209999,0.02512799948,303.0960083,0,0,0,-0.2729644775,0.0002495049848,336.6644897,111.7091549,-509.5040283
-0.009425540455,0.02315239981,0.02512799948,303.0960083,0,0,0,-0.2718805075,0.0002491255,336.1329956,112.1493164,-509.4500122
-0.009753439575,0.02301549911,0.02512799948,303.0960083,0,0,0,-0.270626992,0.0002483775024,335.1604919,112.9630605,-507.8865051
-0.009943179786,0.02293249965,0.02512799948,303.09552,0,0,0,-0.2693340182,0.0002477070084,334.7070007,113.4361709,-506.6784973
-0.01025629975,0.02279550023,0.02512799948,303.0950012,0,0,0,-0.2679870129,0.0002474035136,334.6000061,114.2206654,-506.1090088
-0.01048559975,0.02269430086,0.02512799948,303.0950012,0,0,0,-0.2667589784,0.0002465044963,333.4279785,114.7982269,-504.7634888
-0.01064770017,0.0226156991,0.02512799948,303.0950012,0,0,0,-0.2655194998,0.0002459145035,332.3380127,115.2081508,-503.2940063
-0.0109842997,0.02245239913,0.02512799948,303.0950012,0,0,0,-0.2640839815,0.0002454394998,332.3245239,116.0638184,-502.6990051
-0.01115550008,0.02236939967,0.02512799948,303.0950012,0,0,0,-0.2626264989,0.000245198491,331.7634888,116.5014206,-502.0580139
-0.01148470026,0.02220300026,0.02512799948,303.0944824,0,0,0,-0.2611464858,0.0002446679864,330.3859863,117.347624,-500.2325134
-0.01164910011,0.02211520076,0.02512799948,303.0939941,0,0,0,-0.2596544921,0.0002432049951,329.5515137,117.7726286,-498.7319946
-0.01195949968,0.02194930054,0.02512799948,303.0939941,0,0,0,-0.2579414845,0.0002424849954,329.2910156,118.5796498,-498.5709839
-0.01226039976,0.0217860993,0.02512799948,303.0939941,0,0,0,-0.2561885118,0.0002412725007,327.7025146,119.3679271,-497.3850098
-0.01243839972,0.02168180048,0.02512799948,303.0939941,0,0,0,-0.2545574903,0.0002399554942,326.3474731,119.8371158,-495.8314819
-0.012751,0.02149860002,0.02512799948,303.0939941,0,0,0,-0.2528879941,0.0002389299916,326.3089905,120.6664941,-495.7769775
-0.01291699987,0.02140120044,0.02512799948,303.0939941,0,0,0,-0.2512314916,0.0002399290097,325.3974915,121.1098144,-494.7064819
-0.01321840007,0.02121620066,0.02512799948,303.0935059,0,0,0,-0.2493049949,0.0002394980111,323.6220093,121.9200913,-492.053009
-0.01351169962,0.02102839947,0.02512799948,303.0929871,0,0,0,-0.2473450005,0.0002364930115,322.7340088,122.7155023,-490.8505249
-0.01367889997,0.02092139982,0.02512799948,303.0935059,0,0,0,-0.2455919981,0.000235821004,322.1539917,123.1721205,-490.5845032
-0.01397529989,0.02072669938,0.02512799948,303.0935059,0,0,0,-0.2435460091,0.000234673993,320.164978,123.9874982,-488.6174927
-0.01426209975,0.02052690089,0.02512799948,303.0935059,0,0,0,-0.2414729893,0.0002324740053,318.739502,124.7839827,-487.2894897
-0.0144218998,0.02041549981,0.02512799948,303.0939941,0,0,0,-0.2396284938,0.0002341459913,318.5870056,125.2311152,-487.1690063
-0.01471319981,0.02021140046,0.02512799948,303.0935059,0,0,0,-0.2374670058,0.0002336725011,316.3959961,126.0526195,-484.3884888
-0.01499779988,0.01999589987,0.02512799948,303.0929871,0,0,0,-0.235274002,0.0002298539912,314.3529968,126.863595,-482.0360107
-0.01514570042,0.0198839996,0.02512799948,303.0929871,0,0,0,-0.2333495021,0.0002295935119,314.3500061,127.2884489,-482.276001
-0.01543010026,0.01966870017,0.02512799948,303.0929871,0,0,0,-0.2311060131,0.0002287139941,312.3560181,128.1122427,-480.4719849
-0.01570259966,0.01944799908,0.02512799948,303.0929871,0,0,0,-0.2285230011,0.0002268694952,309.9744873,128.9103762,-477.9744873
-0.01597359963,0.01922559924,0.02512799948,303.0929871,0,0,0,-0.2259050012,0.0002253449929,309.4650269,129.7131201,-477.5169983
-0.01624739915,0.01900020055,0.02512799948,303.0935059,0,0,0,-0.2235769928,0.0002224700002,306.8964844,130.5337586,-475.8439941
-0.01638180017,0.01888079941,0.02512799948,303.0935059,0,0,0,-0.2215104997,0.000223769006,304.4179993,130.9402782,-472.8659973
-0.01664960012,0.01864279993,0.02512799948,303.0929871,0,0,0,-0.2190684974,0.000222826493,304.4089966,131.7578599,-471.503479
-0.01691439934,0.01840749942,0.02512799948,303.0929871,0,0,0,-0.2162764966,0.0002210984967,302.2385254,132.5766535,-469.3305054
-0.01716969907,0.01816600002,0.02512799948,303.0929871,0,0,0,-0.213449508,0.0002181314921,299.4945068,133.376383,-466.5809937
-0.01742379926,0.01792179979,0.02512799948,303.0929871,0,0,0,-0.2105869949,0.000216667002,298.9064941,134.1829688,-466.3029785
-0.01767770015,0.01767770015,0.02512799948,303.0929871,0,0,0,-0.2076880038,0.0002154135,295.944519,135.0000992,-463.8244934
-0.01792179979,0.01742379926,0.02512799948,303.0929871,0,0,0,-0.2047310024,0.0002142459998,292.9844971,135.7968265,-460.7705078
-0.01816600002,0.01716969907,0.02512799948,303.0929871,0,0,0,-0.2017405033,0.0002125909959,292.3554993,136.6054481,-460.2330017
-0.01840749942,0.01691439934,0.02512799948,303.0935059,0,0,0,-0.1987159997,0.0002096050011,289.2545166,137.4171769,-457.5415039
-0.01864279993,0.01664960012,0.02512799948,303.0939941,0,0,0,-0.1956225038,0.0002076410019,286.7739868,138.2202906,-455.457489
-0.01888079941,0.01638180017,0.02512799948,303.0944824,0,0,0,-0.1928744912,0.000206591998,286.7615051,139.0456435,-457.1654968
-0.01900020055,0.01624739915,0.02512799948,303.0950012,0,0,0,-0.1904904991,0.0002077009995,283.5980225,139.4649051,-454.8150024
-0.01922559924,0.01597359963,0.02512799948,303.0950012,0,0,0,-0.1876920015,0.0002040519903,280.3240051,140.2663229,-451.0039978
-0.01944799908,0.01570259966,0.02512799948,303.0950012,0,0,0,-0.1844935119,0.0002021529945,279.6395264,141.0705217,-450.6920166
-0.01966870017,0.01543010026,0.02512799948,303.09552,0,0,0,-0.1812600046,0.0001998895023,276.1904907,141.8826378,-447.7869873
-0.0198839996,0.01514570042,0.02512799948,303.09552,0,0,0,-0.178352505,0.0001987855067,273.2755127,142.6892703,-445.0565186
-0.01999589987,0.01499779988,0.02512799948,303.09552,0,0,0,-0.1758100092,0.0001982130052,273.2919922,143.1144438,-445.1530151
-0.02021140046,0.01471319981,0.02512799948,303.0960083,0,0,0,-0.1728495061,0.000193038999,269.9349976,143.9453534,-442.5029907
-0.02041549981,0.0144218998,0.02512799948,303.0964966,0,0,0,-0.1698299944,0.000192599502,266.3204956,144.7478594,-439.8859863
-0.02052690089,0.01426209975,0.02512799948,303.0969849,0,0,0,-0.1671884954,0.0001946590055,266.0770264,145.1926545,-439.9434814
-0.02072669938,0.01397529989,0.02512799948,303.0969849,0,0,0,-0.1641635001,0.0001913110027,263.4520264,146.0031152,-437.6130066
-0.02092139982,0.01367889997,0.02512799948,303.0969849,0,0,0,-0.1610870063,0.0001895684982,259.6954956,146.8095943,-434.2374878
-0.02102839947,0.01351169962,0.02512799948,303.0969849,0,0,0,-0.1583710015,0.0001882469951,258.5709839,147.2602713,-433.1405029
-0.02121620066,0.01321840007,0.02512799948,303.0974731,0,0,0,-0.1552725136,0.0001834899886,256.7269897,148.0649244,-432.0350037
-0.02140120044,0.01291699987,0.02512799948,303.0985107,0,0,0,-0.1521494985,0.000183019496,252.852005,148.8757088,-429.4884949
-0.02149860002,0.012751,0.02512799948,303.0985107,0,0,0,-0.149366498,0.0001842914935,250.8095093,149.3102959,-427.9710083
-0.02168180048,0.01243839972,0.02512799948,303.0985107,0,0,0,-0.1465184987,0.0001824244973,250.7675018,150.1431615,-428.3250122
-0.0217860993,0.01226039976,0.02512799948,303.098999,0,0,0,-0.1436699927,0.0001799759921,247.3609924,150.6268744,-425.5115051
-0.02194930054,0.01195949968,0.02512799948,303.098999,0,0,0,-0.1404664963,0.0001776165009,243.3244934,151.3986889,-421.4880066
-0.02211520076,0.01164910011,0.02512799948,303.098999,0,0,0,-0.1372739971,0.000176408008,242.6719971,152.2033239,-421.1669922
-0.02220300026,0.01148470026,0.02512799948,303.0994873,0,0,0,-0.1344290078,0.0001734975085,240.263504,152.6379507,-419.8405151
-0.02236939967,0.01115550008,0.02512799948,303.1000061,0,0,0,-0.131507501,0.0001720905129,236.0975037,153.4796705,-416.5440063
-0.02245239913,0.0109842997,0.02512799948,303.1005249,0,0,0,-0.1285440028,0.000171285501,234.3600006,153.9089082,-415.305481
-0.0226156991,0.01064770017,0.02512799948,303.1010132,0,0,0,-0.1255849898,0.0001703905,234.3925018,154.7732226,-416.3739929
-0.02269430086,0.01048559975,0.02512799948,303.1015015,0,0,0,-0.1229684949,0.0001691429934,230.4385071,155.1992563,-413.1965027
-0.02279550023,0.01025629975,0.02512799948,303.1019897,0,0,0,-0.120225504,0.0001665634918,226.1544952,155.7580875,-409.4869995
-0.02293249965,0.009943179786,0.02512799948,303.102478,0,0,0,-0.1171530038,0.0001655855012,225.8215027,156.5344965,-410.0949707
-0.02301549911,0.009753439575,0.02512799948,303.1035156,0,0,0,-0.1141534969,0.0001637884998,223.9450073,157.0168854,-409.4694824
-0.02315239981,0.009425540455,0.02512799948,303.1040039,0,0,0,-0.1111449972,0.0001618975075,219.4980011,157.8342058,-406.1030273
-0.02322209999,0.009247380309,0.02512799948,303.1035156,0,0,0,-0.1084399968,0.0001611225016,216.9964905,158.2615139,-403.4865112
-0.02331450023,0.009011459537,0.02512799948,303.1035156,0,0,0,-0.1056134999,0.0001593170018,217.0475006,158.8406307,-404.042511
-0.02343649976,0.008699730039,0.02512799948,303.1044922,0,0,0,-0.1025045067,0.0001578830124,213.5725098,159.6292786,-401.8439941
-0.02350739948,0.008501229808,0.02512799948,303.105011,0,0,0,-0.09943725169,0.0001559105003,209.0449982,160.1013218,-397.9505005
-0.0236236006,0.008166169748,0.02512799948,303.105011,0,0,0,-0.09636585414,0.0001544794941,207.9775085,160.8991441,-397.4595032
-0.02368469909,0.00798986014,0.02512799948,303.1054993,0,0,0,-0.09363795072,0.0001541684906,208.0314941,161.3317797,-398.4680176
-0.0237680003,0.007749760058,0.02512799948,303.1065063,0,0,0,-0.09072740376,0.0001514420001,203.7494965,161.9377119,-395.8339844
-0.02387039922,0.007415569853,0.02512799948,303.1069946,0,0,0,-0.08753874898,0.0001496714976,199.0765076,162.7106327,-392.2739868
-0.02392389998,0.007239100058,0.02512799948,303.1074829,0,0,0,-0.084809497,0.0001499174978,198.7944946,163.1280919,-392.3374939
-0.02399699949,0.006998190191,0.02512799948,303.1080017,0,0,0,-0.08216364682,0.0001487554982,198.2764893,163.7152538,-392.7709961
-0.02406910062,0.00675632013,0.02512799948,303.1090088,0,0,0,-0.07908284664,0.0001455399906,193.5369873,164.3153112,-389.8630066
-0.0241537001,0.006432190072,0.02512799948,303.1099854,0,0,0,-0.07591834664,0.0001439359912,189.3995056,165.0492634,-386.9194946
-0.02420240082,0.006245629862,0.02512799948,303.1099854,0,0,0,-0.0731504485,0.0001441724889,189.42099,165.488195,-387.0800171
-0.02426600084,0.006001689937,0.02512799948,303.1099854,0,0,0,-0.07044620067,0.0001426085073,187.8939972,166.0817784,-386.1719971
-0.02432679944,0.00575596001,0.02512799948,303.1104736,0,0,0,-0.067336604,0.0001395785075,183.1015015,166.6734029,-382.8424988
-0.02439769916,0.005432850216,0.02512799948,303.1115112,0,0,0,-0.06416395307,0.0001379864989,179.89151,167.39769,-380.7330017
-0.02443890087,0.005245340057,0.02512799948,303.1119995,0,0,0,-0.06138709933,0.0001378979941,179.9385071,167.8380543,-381.4274902
-0.02449290082,0.004999130033,0.02512799948,303.1124878,0,0,0,-0.05866700038,0.0001362244948,177.45401,168.4401838,-379.973999
-0.02454170026,0.0047534802,0.02512799948,303.1130066,0,0,0,-0.05576844886,0.0001340814924,172.5834961,169.0122662,-375.9345093
-0.02458620071,0.004504560027,0.02512799948,303.1135254,0,0,0,-0.05264494941,0.000132276502,170.1815033,169.5608928,-374.6359863
-0.02464319952,0.004185230006,0.02512799948,303.114502,0,0,0,-0.04947949946,0.0001315829868,170.2474976,170.3083389,-376.292511
-0.02467699908,0.003996099811,0.02512799948,303.1149902,0,0,0,-0.04669659957,0.0001307599887,167.0279999,170.7798452,-374.3375244
-0.02471490018,0.00374703994,0.02512799948,303.1154785,0,0,0,-0.04394979775,0.0001289579959,162.0169983,171.3387677,-370.1329956
-0.02474910021,0.003499580082,0.02512799948,303.1159973,0,0,0,-0.04103615135,0.000127531006,160.3330078,171.8757802,-369.2139893
-0.02478330024,0.003252239898,0.02512799948,303.1165161,0,0,0,-0.03812459856,0.0001267250045,160.4020081,172.4506241,-370.661499
-0.02481760085,0.003003980033,0.02512799948,303.1174927,0,0,0,-0.03519695252,0.0001249195047,156.7220001,173.0746227,-368.6699829
-0.02484509908,0.002751630032,0.02512799948,303.1184998,0,0,0,-0.03206225112,0.0001219590049,151.6925049,173.6185536,-365.4030151
-0.02487600036,0.002437579911,0.02512799948,303.1195068,0,0,0,-0.02891930006,0.0001209449983,150.4304962,174.2910333,-365.480011
-0.02489460073,0.002248869976,0.02512799948,303.1204834,0,0,0,-0.02614380047,0.0001208815011,150.5419922,174.7369303,-366.6820068
-0.02491950057,0.001996459905,0.02512799948,303.1210022,0,0,0,-0.02337110043,0.0001189250033,146.1425018,175.4008177,-363.6239929
-0.02493559942,0.001746410038,0.02512799948,303.121521,0,0,0,-0.02042640001,0.0001169320021,141.01651,175.886554,-359.3969727
-0.02495029941,0.001496850047,0.02512799948,303.1220093,0,0,0,-0.01749164984,0.0001159179956,140.3940125,176.386564,-359.6484985
-0.02496499941,0.001247670036,0.02512799948,303.1224976,0,0,0,-0.01456070039,0.0001150524986,140.4974976,176.9678128,-361.3905029
-0.0249796994,0.0009985730285,0.02512799948,303.1234741,0,0,0,-0.01163125038,0.0001132225007,135.7195129,177.6908538,-358.3594971
-0.02498530038,0.0007491069846,0.02512799948,303.1239929,0,0,0,-0.008699550293,0.0001113199978,130.5664978,178.0350929,-354.2200012
-0.02499019913,0.0004995079944,0.02512799948,303.1245117,0,0,0,-0.005764690228,0.0001103594986,130.2850037,178.3955948,-354.9150085
-0.02499509975,0.0002497939859,0.02512799948,303.1254883,0,0,0,-0.002828385215,0.0001094714971,130.3785095,178.8655543,-356.7910156
-0.02499509975,-0.0002498390095,0.02512799948,303.1275024,0,0,0,0.003044084879,0.0001057140034,120.0055008,181.1344457,-349.26651
-0.02499019913,-0.0004995419877,0.02512799948,303.1279907,0,0,0,0.005980269983,0.0001048279955,120.1074982,181.6044052,-350.4025269
-0.02498530038,-0.0007491279976,0.02512799948,303.1289978,0,0,0,0.008915005252,0.0001038659975,119.8280029,181.9649071,-351.9815063
-0.0249796994,-0.0009985839715,0.02512799948,303.1300049,0,0,0,0.0118466001,0.0001020039999,114.5919952,182.3091462,-348.5930176
-0.02496499941,-0.001247670036,0.02512799948,303.1304932,0,0,0,0.01477599982,0.0001002149002,109.7449951,183.0321872,-344.8184814
-0.02495029941,-0.001496850047,0.02512799948,303.1315002,0,0,0,0.01770694926,9.934684931e-05,109.8710022,183.613436,-346.1015015
-0.02493559942,-0.001746410038,0.02512799948,303.1325073,0,0,0,0.020641651,9.833554941e-05,109.2474976,184.113446,-347.4650269
-0.02491950057,-0.001996459905,0.02512799948,303.1334839,0,0,0,0.02358639985,9.642889927e-05,103.9589996,184.5991823,-344.178009
-0.02489460073,-0.002248869976,0.02512799948,303.1345215,0,0,0,0.02635924891,9.456924454e-05,99.42459869,185.2630697,-340.9869995
-0.02487600036,-0.002437579911,0.02512799948,303.135498,0,0,0,0.02913464978,9.44152489e-05,99.56959534,185.7089667,-342.723999
-0.02484509908,-0.002751630032,0.02512799948,303.1359863,0,0,0,0.03227759898,9.344849968e-05,98.28219604,186.3814464,-343.1069946
-0.02481760085,-0.003003980033,0.02512799948,303.1364746,0,0,0,0.03541254997,9.07754511e-05,93.02079773,186.9253773,-339.0660095
-0.02478330024,-0.003252239898,0.02512799948,303.1375122,0,0,0,0.03834030032,8.909549797e-05,89.175354,187.5493759,-336.3240051
-0.02474910021,-0.003499580082,0.02512799948,303.1384888,0,0,0,0.04125180095,8.824649558e-05,89.29225159,188.1242198,-337.8439941
-0.02471490018,-0.00374703994,0.02512799948,303.1395264,0,0,0,0.04416549951,8.68647985e-05,87.53749847,188.6612323,-338.1730042
-0.02467699908,-0.003996099811,0.02512799948,303.1405029,0,0,0,0.04691245034,8.520264964e-05,82.20184326,189.2201548,-334.723999
-0.02464319952,-0.004185230006,0.02512799948,303.1409912,0,0,0,0.04969529808,8.437904762e-05,78.78540039,189.6916611,-332.6854858
-0.02458620071,-0.004504560027,0.02512799948,303.1414795,0,0,0,0.05286069959,8.363994857e-05,78.91769409,190.4391072,-334.1464844
-0.02454170026,-0.0047534802,0.02512799948,303.1430054,0,0,0,0.05598434806,8.197415445e-05,76.36389923,190.9877338,-333.492981
-0.02449290082,-0.004999130033,0.02512799948,303.1440125,0,0,0,0.05888310075,8.006309508e-05,71.09674835,191.5598162,-330.2415161
-0.02443890087,-0.005245340057,0.02512799948,303.1445007,0,0,0,0.0616033487,7.854565047e-05,68.4265976,192.1619457,-329.1329956
-0.02439769916,-0.005432850216,0.02512799948,303.1459961,0,0,0,0.064380005,7.829594688e-05,68.53794861,192.60231,-331.3464966
-0.02432679944,-0.00575596001,0.02512799948,303.1470032,0,0,0,0.06755280495,7.687659672e-05,65.04475403,193.3265971,-329.7860107
-0.02426600084,-0.006001689937,0.02512799948,303.147522,0,0,0,0.07066284865,7.429064863e-05,59.78300095,193.9182216,-325.8989868
-0.02420240082,-0.006245629862,0.02512799948,303.1489868,0,0,0,0.07336725295,7.286589971e-05,58.1365509,194.511805,-326.2780151
-0.0241537001,-0.006432190072,0.02512799948,303.1505127,0,0,0,0.07613484561,7.281784929e-05,58.22665024,194.9507366,-329.1110229
-0.02406910062,-0.00675632013,0.02512799948,303.1514893,0,0,0,0.07929955423,7.141080278e-05,53.61605072,195.6846888,-326.2335205
-0.02399699949,-0.006998190191,0.02512799948,303.1520081,0,0,0,0.08238095045,6.881175068e-05,48.32299805,196.2847462,-321.7064819
-0.02392389998,-0.007239100058,0.02512799948,303.1525269,0,0,0,0.08502684534,6.772705092e-05,47.80659866,196.8719081,-322.707489
-0.02387039922,-0.007415569853,0.02512799948,303.1539917,0,0,0,0.08775575459,6.766004662e-05,47.55884933,197.2893673,-324.9224854
-0.0237680003,-0.007749760058,0.02512799948,303.1549988,0,0,0,0.09094455093,6.612449943e-05,53.06974792,198.0622881,-332.2789917
-0.02368469909,-0.00798986014,0.02512799948,303.1555176,0,0,0,0.09385554492,6.389839837e-05,58.978302,198.6682203,-338.9024963
-0.0236236006,-0.008166169748,0.02512799948,303.1564941,0,0,0,0.09658329934,6.342244887e-05,59.11199951,199.1008559,-340.5274963
-0.02350739948,-0.008501229808,0.02512799948,303.1575012,0,0,0,0.0996549502,6.218194903e-05,59.36914825,199.8986782,-343.2099915
-0.02343649976,-0.008699730039,0.02512799948,303.1589966,0,0,0,0.1027224958,6.053905236e-05,59.9545517,200.3707214,-346.1799927
-0.02331450023,-0.009011459537,0.02512799948,303.1600037,0,0,0,0.1058319956,5.920610056e-05,60.44384766,201.1593693,-348.0385132
-0.02322209999,-0.009247380309,0.02512799948,303.1610107,0,0,0,0.1086585,5.768729898e-05,60.58180237,201.7384861,-350.3405151
-0.02315239981,-0.009425540455,0.02512799948,303.1624756,0,0,0,0.1113630012,5.688984675e-05,60.94654846,202.1657942,-353.7640076
-0.02301549911,-0.009753439575,0.02512799948,303.1635132,0,0,0,0.1143720001,5.535480159e-05,61.5075531,202.9831146,-355.8395081
-0.02293249965,-0.009943179786,0.02512799948,303.1644897,0,0,0,0.1173714995,5.388160207e-05,61.83074951,203.4655035,-357.3775024
-0.02279550023,-0.01025629975,0.02512799948,303.1654968,0,0,0,0.1204439998,5.289410183e-05,62.01544952,204.2419125,-359.3024902
-0.02269430086,-0.01048559975,0.02512799948,303.1665039,0,0,0,0.1231880039,5.091650019e-05,62.52680206,204.8007437,-361.7294922
-0.0226156991,-0.01064770017,0.02512799948,303.1669922,0,0,0,0.1258044988,4.980825179e-05,63.00160217,205.2267774,-363.6555176
-0.02245239913,-0.0109842997,0.02512799948,303.1674805,0,0,0,0.1287634969,4.891365097e-05,63.14524841,206.0910918,-365.1430054
-0.02236939967,-0.01115550008,0.02512799948,303.1690063,0,0,0,0.1317269951,4.801640171e-05,63.43409729,206.5203295,-367.6555176
-0.02220300026,-0.01148470026,0.02512799948,303.1700134,0,0,0,0.1346485019,4.674395313e-05,63.9184494,207.3620493,-369.6004944
-0.02211520076,-0.01164910011,0.02512799948,303.1705017,0,0,0,0.1374939978,4.466710016e-05,64.25065613,207.7966761,-370.8939819
-0.02194930054,-0.01195949968,0.02512799948,303.1719971,0,0,0,0.1406864971,4.358395017e-05,64.44850159,208.6013111,-373.7315063
-0.0217860993,-0.01226039976,0.02512799948,303.1735229,0,0,0,0.1438910067,4.183140118e-05,64.89955139,209.3731256,-377.3405151
-0.02168180048,-0.01243839972,0.02512799948,303.1744995,0,0,0,0.1467404962,4.007660027e-05,65.28385162,209.8568385,-379.4949951
-0.02149860002,-0.012751,0.02512799948,303.1759949,0,0,0,0.1495890021,3.867354826e-05,65.40914917,210.6897041,-381.7025146
-0.02140120044,-0.01291699987,0.02512799948,303.177002,0,0,0,0.1523704976,3.884200123e-05,65.67144775,211.1242912,-383.6795044
-0.02121620066,-0.01321840007,0.02512799948,303.177002,0,0,0,0.1554929912,3.814940283e-05,66.06974792,211.9350756,-384.615509
-0.02102839947,-0.01351169962,0.02512799948,303.1774902,0,0,0,0.158592999,3.524270141e-05,66.31645203,212.7397287,-386.3740234
-0.02092139982,-0.01367889997,0.02512799948,303.1790161,0,0,0,0.1613090038,3.409804776e-05,66.48805237,213.1904057,-388.9954834
-0.02072669938,-0.01397529989,0.02512799948,303.180481,0,0,0,0.1643860042,3.272690083e-05,66.82530212,213.9968848,-391.4104919
-0.02052690089,-0.01426209975,0.02512799948,303.1815186,0,0,0,0.1674119979,3.057515278e-05,67.08189392,214.8073455,-393.7844849
-0.02041549981,-0.0144218998,0.02512799948,303.1824951,0,0,0,0.1700524986,3.110880061e-05,67.17845154,215.2521406,-395.5855103
-0.02021140046,-0.01471319981,0.02512799948,303.1830139,0,0,0,0.1730719954,3.04251007e-05,67.45449829,216.0546466,-396.503479
-0.01999589987,-0.01499779988,0.02512799948,303.1835022,0,0,0,0.1760340035,2.744840094e-05,67.70484924,216.8855562,-397.8150024
-0.0198839996,-0.01514570042,0.02512799948,303.1845093,0,0,0,0.1785759926,2.671384937e-05,67.76290131,217.3107297,-399.753479
-0.01966870017,-0.01543010026,0.02512799948,303.1854858,0,0,0,0.1814839989,2.568554919e-05,67.94215393,218.1173622,-401.8280029
-0.01944799908,-0.01570259966,0.02512799948,303.1865234,0,0,0,0.1847184896,2.409324952e-05,68.13629913,218.9294783,-403.3754883
-0.01922559924,-0.01597359963,0.02512799948,303.1875,0,0,0,0.1879169941,2.274530016e-05,68.20320129,219.7336771,-405.0079956
-0.01900020055,-0.01624739915,0.02512799948,303.1889954,0,0,0,0.1907170117,2.06377008e-05,68.31495667,220.5350949,-408.1094971
-0.01888079941,-0.01638180017,0.02512799948,303.1889954,0,0,0,0.1931000054,2.060484985e-05,68.41340637,220.9543565,-408.1669922
-0.01864279993,-0.01664960012,0.02512799948,303.1879883,0,0,0,0.195848003,1.957785025e-05,68.4230957,221.7797094,-406.4035034
-0.01840749942,-0.01691439934,0.02512799948,303.1884766,0,0,0,0.1989420056,1.808540037e-05,68.44584656,222.5828231,-407.2969971
-0.01816600002,-0.01716969907,0.02512799948,303.1889954,0,0,0,0.2019675076,1.635780063e-05,68.45249939,223.3945519,-408.0320129
-0.01792179979,-0.01742379926,0.02512799948,303.1895142,0,0,0,0.2049584985,1.518315003e-05,68.40814972,224.2031735,-409.2255249
-0.01767770015,-0.01767770015,0.02512799948,303.1900024,0,0,0,0.2079154998,1.410665027e-05,68.32284546,224.9999008,-410.5490112
-0.01742379926,-0.01792179979,0.02512799948,303.1900024,0,0,0,0.2108145058,1.295289985e-05,68.21665192,225.8170312,-410.4784851
-0.01716969907,-0.01816600002,0.02512799948,303.1904907,0,0,0,0.2136774957,1.193205026e-05,68.09825134,226.623617,-410.6010132
-0.01691439934,-0.01840749942,0.02512799948,303.1910095,0,0,0,0.2165060043,1.023954974e-05,67.89419556,227.4233465,-411.1395264
-0.01664960012,-0.01864279993,0.02512799948,303.1910095,0,0,0,0.2192989886,8.975170203e-06,67.67480469,228.2421401,-411.4415283
-0.01638180017,-0.01888079941,0.02512799948,303.1925049,0,0,0,0.2217409909,8.091865311e-06,67.51409912,229.0597218,-414.2969971
-0.01624739915,-0.01900020055,0.02512799948,303.1929932,0,0,0,0.2238059938,8.239705494e-06,67.23684692,229.4662414,-415.072998
-0.01597359963,-0.01922559924,0.02512799948,303.1919861,0,0,0,0.2261350006,6.76815489e-06,66.91404724,230.2868799,-412.8634949
-0.01570259966,-0.01944799908,0.02512799948,303.1919861,0,0,0,0.2287535071,5.757754934e-06,66.63970184,231.0896238,-412.2575073
-0.01543010026,-0.01966870017,0.02512799948,303.1919861,0,0,0,0.2313375026,4.554460247e-06,66.18170166,231.8877573,-411.59552
-0.01514570042,-0.0198839996,0.02512799948,303.1914978,0,0,0,0.2335810065,3.751765234e-06,65.75779724,232.7115511,-410.1815186
-0.01499779988,-0.01999589987,0.02512799948,303.1910095,0,0,0,0.2355054915,3.304965048e-06,65.51719666,233.136405,-408.7520142
-0.01471319981,-0.02021140046,0.02512799948,303.1910095,0,0,0,0.2377004921,1.501572001e-06,64.98184967,233.9473805,-407.957489
-0.0144218998,-0.02041549981,0.02512799948,303.1910095,0,0,0,0.2398614883,8.634820574e-07,64.40084839,234.7688848,-407.4450073
-0.01426209975,-0.02052690089,0.02512799948,303.1900024,0,0,0,0.2417044938,1.121492005e-06,64.07875061,235.2160173,-405.84552
-0.01397529989,-0.02072669938,0.02512799948,303.1889954,0,0,0,0.243778497,-3.361449785e-08,63.50099945,236.0125018,-403.5759888
-0.01367889997,-0.02092139982,0.02512799948,303.1879883,0,0,0,0.2458249927,-8.476565654e-07,62.80070114,236.8278795,-401.1214905
-0.01351169962,-0.02102839947,0.02512799948,303.1865234,0,0,0,0.2475785017,-1.407230002e-06,62.34049988,237.2844977,-398.3435059
-0.01321840007,-0.02121620066,0.02512799948,303.1860046,0,0,0,0.2495400012,-2.792674877e-06,61.73535156,238.0799087,-396.3764954
-0.01291699987,-0.02140120044,0.02512799948,303.1860046,0,0,0,0.251466006,-3.344975084e-06,60.91470337,238.8901856,-395.0679932
-0.012751,-0.02149860002,0.02512799948,303.1849976,0,0,0,0.2531214952,-3.325990065e-06,60.29389954,239.3335059,-392.5490112
-0.01243839972,-0.02168180048,0.02512799948,303.1835022,0,0,0,0.2547914982,-3.96814994e-06,59.83930206,240.1628842,-389.7330017
-0.01226039976,-0.0217860993,0.02512799948,303.1820068,0,0,0,0.2564229965,-4.707279913e-06,59.02635193,240.6320729,-386.7915039
-0.01195949968,-0.02194930054,0.02512799948,303.1799927,0,0,0,0.2581765056,-5.432480066e-06,58.07030106,241.4203502,-382.1000061
-0.01164910011,-0.02211520076,0.02512799948,303.1784973,0,0,0,0.2598894835,-6.010394827e-06,57.44485092,242.2273714,-378.1495056
-0.01148470026,-0.02220300026,0.02512799948,303.1774902,0,0,0,0.2613824904,-6.774789654e-06,56.66749954,242.652376,-375.7559814
-0.01115550008,-0.02236939967,0.02512799948,303.1759949,0,0,0,0.2628629804,-7.218310202e-06,55.66609955,243.4985794,-372.4769897
-0.0109842997,-0.02245239913,0.02512799948,303.1740112,0,0,0,0.2643200159,-7.557800018e-06,54.9117012,243.9361816,-368.5184937
-0.01064770017,-0.0226156991,0.02512799948,303.1724854,0,0,0,0.2657555044,-7.983275282e-06,54.34465027,244.7918492,-365.5744934
-0.01048559975,-0.02269430086,0.02512799948,303.1715088,0,0,0,0.2669954896,-8.426699424e-06,53.36864853,245.2017731,-362.1300049
-0.01025629975,-0.02279550023,0.02512799948,303.1699829,0,0,0,0.2682240009,-8.918635103e-06,52.31755066,245.7793346,-357.9979858
-0.009943179786,-0.02293249965,0.02512799948,303.1679993,0,0,0,0.2695710063,-9.23652442e-06,51.65599823,246.5638291,-354.184021
-0.009753439575,-0.02301549911,0.02512799948,303.1665039,0,0,0,0.2708644867,-9.652964764e-06,50.81245041,247.0369395,-350.6625061
-0.009425540455,-0.02315239981,0.02512799948,303.164978,0,0,0,0.2721179724,-1.009858534e-05,49.6427002,247.8506836,-346.4219971
-0.009247380309,-0.02322209999,0.02512799948,303.1625061,0,0,0,0.2732014954,-1.043690008e-05,48.77200317,248.2908451,-340.9985046
-0.009011459537,-0.02331450023,0.02512799948,303.1605225,0,0,0,0.2743085027,-1.078690002e-05,48.18385315,248.8716506,-336.6600037
-0.008699730039,-0.02343649976,0.02512799948,303.1585083,0,0,0,0.2755060196,-1.106340005e-05,47.08634949,249.6356251,-332.3410034
-0.008501229808,-0.02350739948,0.02512799948,303.1560059,0,0,0,0.2766230106,-1.140350014e-05,45.86289978,250.1201289,-326.8139954
-0.008166169748,-0.0236236006,0.02512799948,303.1539917,0,0,0,0.2776945233,-1.173869987e-05,45.07254791,250.9346249,-321.6594849
-0.00798986014,-0.02368469909,0.02512799948,303.1520081,0,0,0,0.2786405087,-1.195789991e-05,44.49604797,251.361602,-317.8065186
-0.007749760058,-0.0237680003,0.02512799948,303.1499939,0,0,0,0.2796109915,-1.223965046e-05,43.31980133,251.9413479,-313.9024963
-0.007415569853,-0.02387039922,0.02512799948,303.1480103,0,0,0,0.2806155086,-1.250360037e-05,42.03835297,252.7451273,-308.5350037
-0.007239100058,-0.02392389998,0.02512799948,303.1459961,0,0,0,0.2814459801,-1.265670016e-05,41.42435074,253.1681447,-303.5419922
-0.006998190191,-0.02399699949,0.02512799948,303.1439819,0,0,0,0.2822449803,-1.283540041e-05,40.79595184,253.7441159,-299.447998
-0.00675632013,-0.02406910062,0.02512799948,303.1419983,0,0,0,0.2831324935,-1.309495019e-05,39.53009796,254.3206892,-295.0629883
-0.006432190072,-0.0241537001,0.02512799948,303.1394958,0,0,0,0.2839850187,-1.331390013e-05,38.33309937,255.0908213,-289.7944946
-0.006245629862,-0.02420240082,0.02512799948,303.1369934,0,0,0,0.2847070098,-1.34501006e-05,37.76445007,255.5328317,-284.5205078
-0.006001689937,-0.02426600084,0.02512799948,303.1350098,0,0,0,0.2854030132,-1.360245005e-05,37.01170349,256.10947,-279.7385254
-0.00575596001,-0.02432679944,0.02512799948,303.1329956,0,0,0,0.2861559987,-1.376650016e-05,35.76250076,256.6888922,-274.6875
-0.005432850216,-0.02439769916,0.02512799948,303.1304932,0,0,0,0.2868725061,-1.392175e-05,34.71295166,257.4486794,-269.3175049
-0.005245340057,-0.02443890087,0.02512799948,303.1279907,0,0,0,0.2874819934,-1.403189981e-05,34.16594696,257.8885709,-264.6549988
-0.004999130033,-0.02449290082,0.02512799948,303.1260071,0,0,0,0.2880644798,-1.414925009e-05,33.31330109,258.4650759,-260.1835022
-0.0047534802,-0.02454170026,0.02512799948,303.1235046,0,0,0,0.2886410058,-1.427109964e-05,32.13780212,259.0390917,-254.8255005
-0.004504560027,-0.02458620071,0.02512799948,303.1210022,0,0,0,0.2892135084,-1.437204992e-05,31.24044991,259.6196157,-249.6744995
-0.004185230006,-0.02464319952,0.02512799948,303.1190186,0,0,0,0.2897790074,-1.44491496e-05,30.64635086,260.3627815,-245.348999
-0.003996099811,-0.02467699908,0.02512799948,303.1170044,0,0,0,0.2902570069,-1.45221502e-05,29.72724915,260.8021589,-240.9859924
-0.00374703994,-0.02471490018,0.02512799948,303.1149902,0,0,0,0.2906799912,-1.459889972e-05,28.60865021,261.379935,-236.0449982
-0.003499580082,-0.02474910021,0.02512799948,303.1130066,0,0,0,0.2910929918,-1.466555022e-05,27.87625122,261.9531257,-231.2319946
-0.003252239898,-0.02478330024,0.02512799948,303.1109924,0,0,0,0.291495502,-1.471070027e-05,27.35955048,262.5252303,-227.190506
-0.003003980033,-0.02481760085,0.02512799948,303.1090088,0,0,0,0.2918789983,-1.476024954e-05,26.40665054,263.0987094,-222.9450073
-0.002751630032,-0.02484509908,0.02512799948,303.1069946,0,0,0,0.2922325134,-1.481734944e-05,25.27264977,263.6809259,-218.3349915
-0.002437579911,-0.02487600036,0.02512799948,303.1049805,0,0,0,0.2925494909,-1.486739984e-05,24.58675003,264.4045886,-213.9940033
-0.002248869976,-0.02489460073,0.02512799948,303.1035156,0,0,0,0.2928229868,-1.49039497e-05,24.12520027,264.8389933,-210.3309937
-0.001996459905,-0.02491950057,0.02512799948,303.1019897,0,0,0,0.2930715084,-1.493855052e-05,23.15480042,265.4195736,-206.42099
-0.001746400027,-0.02493559942,0.02512799948,303.1000061,0,0,0,0.2932825089,-1.497744961e-05,22.08164978,265.9942836,-201.9549866
-0.001496830024,-0.02495029941,0.02512799948,303.0979919,0,0,0,0.293459475,-1.501115003e-05,21.52339935,266.5674654,-198.3014984
-0.001247599954,-0.02496499941,0.02512799948,303.0969849,0,0,0,0.2936325073,-1.503149997e-05,21.04030037,267.1395234,-195.7525024
-0.00099838397,-0.0249796994,0.02512799948,303.0964966,0,0,0,0.2937790155,-1.50454498e-05,20.03264999,267.7112639,-193.2590027
-0.0007486679824,-0.02498530038,0.02512799948,303.09552,0,0,0,0.2938694954,-1.505950058e-05,18.98040009,268.2839228,-190.7795105
-0.0004986409913,-0.02499019913,0.02512799948,303.09552,0,0,0,0.2939290106,-1.506014996e-05,18.42345047,268.8571233,-189.951004
-0.000248307013,-0.02499509975,0.02512799948,303.0964966,0,0,0,0.2939870059,-1.50288497e-05,17.85155106,269.4309129,-191.4855042
-3.176719929e-06,-0.02500009909,0.02512799948,303.0870056,0,0,0,0.293776989,-0.0002540519927,13.08010006,269.9927195,-168.8029938
3.176719929e-06,-0.02500009909,0.02512799948,303.0969849,0,0,0,0.2940160036,-1.500439976e-05,17.54800034,270.0072805,-192.8840027
0.0002483149874,-0.02499509975,0.02512799948,303.0855103,0,0,0,0.2937479913,-0.0002540809801,13.40334988,270.5691054,-167.1040039
0.0004986450076,-0.02499019913,0.02512799948,303.0834961,0,0,0,0.2936905026,-0.0002541239955,13.97584915,271.142886,-164.6705017
0.0007486700197,-0.02498530038,0.02512799948,303.0830078,0,0,0,0.2936310172,-0.0002541400027,14.47019958,271.7160819,-164.1100006
0.0009983850177,-0.0249796994,0.02512799948,303.0830078,0,0,0,0.2935400009,-0.000254144019,15.36664963,272.2887386,-164.9064941
0.001247599954,-0.02496499941,0.02512799948,303.0830078,0,0,0,0.2933934927,-0.0002541480062,16.19619942,272.8604766,-165.6784973
0.001496830024,-0.02495029941,0.02512799948,303.0834961,0,0,0,0.2932209969,-0.000254145998,16.54029846,273.4325346,-166.4705048
0.001746400027,-0.02493559942,0.02512799948,303.0845032,0,0,0,0.2930440009,-0.0002541324939,16.93690109,274.0057165,-168.1835022
0.001996459905,-0.02491950057,0.02512799948,303.0849915,0,0,0,0.2928324938,-0.0002541160211,17.78789902,274.5804264,-170.5834961
0.002248869976,-0.02489460073,0.02512799948,303.0855103,0,0,0,0.292584002,-0.0002541035064,18.54104996,275.1610067,-172.5820007
0.002437579911,-0.02487600036,0.02512799948,303.0864868,0,0,0,0.2923105061,-0.0002540895075,18.81930161,275.5954115,-174.3390045
0.002751630032,-0.02484509908,0.02512799948,303.0875244,0,0,0,0.2919934988,-0.0002540695132,19.27574921,276.3190742,-176.5050049
0.003003980033,-0.02481760085,0.02512799948,303.088501,0,0,0,0.2916399837,-0.0002540475107,20.14545059,276.9012906,-178.931488
0.003252239898,-0.02478330024,0.02512799948,303.0889893,0,0,0,0.2912570238,-0.0002540299902,20.84859848,277.4747698,-181.1269989
0.003499580082,-0.02474910021,0.02512799948,303.0899963,0,0,0,0.2908545136,-0.0002540150017,21.13190079,278.0468743,-183.1195068
0.00374703994,-0.02471490018,0.02512799948,303.0914917,0,0,0,0.2904409766,-0.0002539874986,21.61510086,278.620065,-185.7825012
0.003996099811,-0.02467699908,0.02512799948,303.0924988,0,0,0,0.2900184989,-0.000253956503,22.48209953,279.1978411,-188.6875
0.004185230006,-0.02464319952,0.02512799948,303.0935059,0,0,0,0.2895410061,-0.0002539299894,23.14665031,279.6372185,-191.088501
0.004504560027,-0.02458620071,0.02512799948,303.0944824,0,0,0,0.288975507,-0.0002539050183,23.45375061,280.3803843,-193.2600098
0.0047534802,-0.02454170026,0.02512799948,303.09552,0,0,0,0.2884024978,-0.0002538660192,24.06264877,280.9609083,-196.1725006
0.004999130033,-0.02449290082,0.02512799948,303.0969849,0,0,0,0.287825495,-0.0002538145054,24.97064972,281.5349241,-199.4199982
0.005245340057,-0.02443890087,0.02512799948,303.0985107,0,0,0,0.2872430086,-0.0002537660184,25.56694984,282.1114291,-202
0.005432850216,-0.02439769916,0.02512799948,303.0994873,0,0,0,0.2866334915,-0.0002537209948,25.84119987,282.5513206,-204.6524963
0.00575596001,-0.02432679944,0.02512799948,303.1005249,0,0,0,0.2859169841,-0.0002536554821,26.59535027,283.3111078,-207.8649902
0.006001689937,-0.02426600084,0.02512799948,303.1019897,0,0,0,0.2851639986,-0.000253590988,27.56655121,283.8905301,-210.9549866
0.006245629862,-0.02420240082,0.02512799948,303.1035156,0,0,0,0.2844679952,-0.0002535270178,28.05949974,284.4671684,-213.8829956
0.006432190072,-0.0241537001,0.02512799948,303.1049805,0,0,0,0.2837460041,-0.0002534739906,28.34519958,284.9091788,-217.1384888
0.00675632013,-0.02406910062,0.02512799948,303.1065063,0,0,0,0.282893002,-0.0002533745137,29.27630043,285.6793108,-220.5299988
0.006998190191,-0.02399699949,0.02512799948,303.1074829,0,0,0,0.282005012,-0.0002532500075,30.29550171,286.2558842,-223.365509
0.007239100058,-0.02392389998,0.02512799948,303.1085205,0,0,0,0.2812060118,-0.0002531729988,30.66254997,286.8318553,-225.9295044
0.007415569853,-0.02387039922,0.02512799948,303.1099854,0,0,0,0.2803754807,-0.0002531140053,31.00394821,287.2548728,-229.1895142
0.007749760058,-0.0237680003,0.02512799948,303.1115112,0,0,0,0.2793710232,-0.0002529894991,32.07640076,288.0586521,-232.9720001
0.00798986014,-0.02368469909,0.02512799948,303.1124878,0,0,0,0.2784005105,-0.0002528530022,33.06749725,288.638398,-235.759491
0.008166169748,-0.0236236006,0.02512799948,303.1140137,0,0,0,0.2774544954,-0.0002527495089,33.37529755,289.0653752,-238.3580017
0.008501229808,-0.02350739948,0.02512799948,303.1159973,0,0,0,0.2763830125,-0.0002525660093,33.90250015,289.8798712,-242.0415039
0.008699730039,-0.02343649976,0.02512799948,303.1174927,0,0,0,0.2752659917,-0.0002523860021,34.9992981,290.3643749,-246.3325043
0.009011459537,-0.02331450023,0.02512799948,303.1184998,0,0,0,0.2740685046,-0.0002522635041,35.94400024,291.1283495,-249.7554932
0.009247380309,-0.02322209999,0.02512799948,303.1204834,0,0,0,0.2729614973,-0.0002520679845,36.28175354,291.7091549,-253.0350037
0.009425540455,-0.02315239981,0.02512799948,303.1224976,0,0,0,0.2718774974,-0.0002518770052,37.03950119,292.1493164,-257.417511
0.009753439575,-0.02301549911,0.02512799948,303.1239929,0,0,0,0.2706235051,-0.0002516015084,38.18230057,292.9630605,-261.2090149
0.009943179786,-0.02293249965,0.02512799948,303.1254883,0,0,0,0.2693299949,-0.0002513474901,38.89559937,293.4361709,-264.3829956
0.01025629975,-0.02279550023,0.02512799948,303.1270142,0,0,0,0.2679824829,-0.0002511864877,39.35559845,294.2206654,-267.7680054
0.01048559975,-0.02269430086,0.02512799948,303.128479,0,0,0,0.2667534947,-0.0002508694888,40.49024963,294.7982269,-271.7949829
0.01064770017,-0.0226156991,0.02512799948,303.1300049,0,0,0,0.2655140162,-0.0002505725133,41.5597496,295.2081508,-275.3804932
0.0109842997,-0.02245239913,0.02512799948,303.1315002,0,0,0,0.2640789747,-0.0002502934949,41.96154785,296.0638184,-278.4215088
0.01115550008,-0.02236939967,0.02512799948,303.1329956,0,0,0,0.2626214921,-0.0002501154959,42.69744873,296.5014207,-282.536499
0.01148470026,-0.02220300026,0.02512799948,303.1345215,0,0,0,0.2611404955,-0.0002498395042,43.89979935,297.347624,-286.4954834
0.01164910011,-0.02211520076,0.02512799948,303.1359863,0,0,0,0.2596474886,-0.0002492240164,44.77140045,297.7726286,-289.707489
0.01195949968,-0.02194930054,0.02512799948,303.1384888,0,0,0,0.2579340041,-0.0002487939782,45.36329651,298.5796498,-294.2644958
0.01226039976,-0.0217860993,0.02512799948,303.1409912,0,0,0,0.2561799884,-0.0002482259879,46.63574982,299.3679271,-299.9550171
0.01243839972,-0.02168180048,0.02512799948,303.1425171,0,0,0,0.2545490265,-0.0002476149821,47.74465179,299.8371158,-304.2099915
0.012751,-0.02149860002,0.02512799948,303.1445007,0,0,0,0.2528790236,-0.0002470964973,48.18844986,300.6664942,-308.0949707
0.01291699987,-0.02140120044,0.02512799948,303.1464844,0,0,0,0.2512229979,-0.0002473255154,49.03824997,301.1098144,-312.0645142
0.01321840007,-0.02121620066,0.02512799948,303.147522,0,0,0,0.249296993,-0.0002468809835,50.33739853,301.9200914,-315.7520142
0.01351169962,-0.02102839947,0.02512799948,303.1489868,0,0,0,0.2473349869,-0.0002455170033,51.2194519,302.7155023,-319.8369751
0.01367889997,-0.02092139982,0.02512799948,303.1514893,0,0,0,0.245581001,-0.00024508551,51.89595032,303.1721205,-324.3345032
0.01397529989,-0.02072669938,0.02512799948,303.1535034,0,0,0,0.2435345054,-0.0002443479898,53.21269989,303.9874982,-329.4429932
0.01426209975,-0.02052690089,0.02512799948,303.1555176,0,0,0,0.2414605021,-0.000243207498,54.28559875,304.7839828,-334.3330078
0.0144218998,-0.02041549981,0.02512799948,303.1575012,0,0,0,0.239617005,-0.0002437354997,54.77950287,305.2311152,-338.0610046
0.01471319981,-0.02021140046,0.02512799948,303.1589966,0,0,0,0.2374559939,-0.0002431425091,56.10655212,306.0526195,-342.0214844
0.01499779988,-0.01999589987,0.02512799948,303.1605225,0,0,0,0.2352614999,-0.0002411479945,57.37284851,306.863595,-346.2810059
0.01514570042,-0.0198839996,0.02512799948,303.1625061,0,0,0,0.233337,-0.0002408099972,57.80605316,307.2884489,-350.1690063
0.01543010026,-0.01966870017,0.02512799948,303.164978,0,0,0,0.2310934961,-0.0002400169906,58.99060059,308.1122428,-355.1394958
0.01570259966,-0.01944799908,0.02512799948,303.1669922,0,0,0,0.2285095006,-0.0002387179993,60.36700058,308.9103762,-360.1199951
0.01597359963,-0.01922559924,0.02512799948,303.1690063,0,0,0,0.2258909941,-0.0002376449993,61.09465027,309.7131201,-364.6925049
0.01624739915,-0.01900020055,0.02512799948,303.1715088,0,0,0,0.2235620022,-0.0002359829959,62.38220215,310.5337586,-370.8510132
0.01638180017,-0.01888079941,0.02512799948,303.1724854,0,0,0,0.2214964926,-0.0002364495012,63.58029938,310.9402782,-373.8485107
0.01664960012,-0.01864279993,0.02512799948,303.1730042,0,0,0,0.2190544903,-0.0002354924945,64.08415222,311.7578599,-374.8540039
0.01691439934,-0.01840749942,0.02512799948,303.1744995,0,0,0,0.2162619978,-0.0002340715,65.26245117,312.5766535,-379.2299805
0.01716969907,-0.01816600002,0.02512799948,303.1759949,0,0,0,0.2134339958,-0.0002319500054,66.58865356,313.376383,-383.723999
0.01742379926,-0.01792179979,0.02512799948,303.1779785,0,0,0,0.210570991,-0.0002307945106,67.28855133,314.1829688,-388.0975037
0.01767770015,-0.01767770015,0.02512799948,303.1799927,0,0,0,0.2076719999,-0.0002294375008,68.58950043,315.0000992,-393.2105103
0.01792179979,-0.01742379926,0.02512799948,303.1815186,0,0,0,0.2047149986,-0.0002282200003,69.88470459,315.7968265,-397.0574951
0.01816600002,-0.01716969907,0.02512799948,303.1829834,0,0,0,0.2017244995,-0.0002267415111,70.55695343,316.6054481,-400.5880127
0.01840749942,-0.01691439934,0.02512799948,303.1849976,0,0,0,0.1986995041,-0.0002245335054,71.79789734,317.4171769,-405.2250061
0.01864279993,-0.01664960012,0.02512799948,303.1870117,0,0,0,0.1956059933,-0.000222634495,72.87994385,318.2202906,-409.4710083
0.01888079941,-0.01638180017,0.02512799948,303.1900024,0,0,0,0.1928579956,-0.0002214220003,73.30934906,319.0456435,-415.2915039
0.01900020055,-0.01624739915,0.02512799948,303.1919861,0,0,0,0.190474987,-0.00022151749,74.35404968,319.4649051,-419.5400085
0.01922559924,-0.01597359963,0.02512799948,303.1925049,0,0,0,0.1876759976,-0.0002185069898,75.47609711,320.2663229,-421.4030151
0.01944799908,-0.01570259966,0.02512799948,303.1940002,0,0,0,0.1844775081,-0.0002167034982,76.07424927,321.0705217,-424.7019958
0.01966870017,-0.01543010026,0.02512799948,303.1954956,0,0,0,0.1812435091,-0.0002145714971,77.19340515,321.8826378,-428.7000122
0.0198839996,-0.01514570042,0.02512799948,303.1965027,0,0,0,0.1783359945,-0.0002132600057,78.14454651,322.6892703,-431.4459839
0.01999589987,-0.01499779988,0.02512799948,303.1975098,0,0,0,0.1757940054,-0.0002122849983,78.47125244,323.1144439,-433.0339966
0.02021140046,-0.01471319981,0.02512799948,303.1990051,0,0,0,0.1728329957,-0.0002079035039,79.42915344,323.9453534,-436.6684875
0.02041549981,-0.0144218998,0.02512799948,303.2005005,0,0,0,0.1698139906,-0.0002071634954,80.41990662,324.7478594,-440.7854919
0.02052690089,-0.01426209975,0.02512799948,303.2009888,0,0,0,0.1671735048,-0.0002081675048,80.76460266,325.1926545,-442.4869995
0.02072669938,-0.01397529989,0.02512799948,303.2019958,0,0,0,0.1641484946,-0.0002049644972,81.51989746,326.0031152,-444.6304932
0.02092139982,-0.01367889997,0.02512799948,303.2030029,0,0,0,0.1610720009,-0.0002030339965,82.43574524,326.8095943,-446.996521
0.02102839947,-0.01351169962,0.02512799948,303.2030029,0,0,0,0.1583560109,-0.0002013589983,82.88400269,327.2602713,-447.9420166
0.02121620066,-0.01321840007,0.02512799948,303.2039795,0,0,0,0.1552574933,-0.0001969110017,83.44960022,328.0649244,-450.4719849
0.02140120044,-0.01291699987,0.02512799948,303.2055054,0,0,0,0.1521349996,-0.0001961259986,84.27519989,328.8757088,-454.3430176
0.02149860002,-0.012751,0.02512799948,303.2059937,0,0,0,0.1493529975,-0.0001965780102,84.79774475,329.3102959,-456.0369873
0.02168180048,-0.01243839972,0.02512799948,303.2064819,0,0,0,0.1465055048,-0.0001944749965,85.04989624,330.1431616,-457.1124878
0.0217860993,-0.01226039976,0.02512799948,303.2070007,0,0,0,0.1436569989,-0.0001917879999,85.70300293,330.6268744,-458.9045105
0.02194930054,-0.01195949968,0.02512799948,303.2070007,0,0,0,0.1404535025,-0.0001890955027,86.44490051,331.398689,-459.4375
0.02211520076,-0.01164910011,0.02512799948,303.2075195,0,0,0,0.1372615099,-0.0001875775051,86.75939941,332.2033239,-460.0869751
0.02220300026,-0.01148470026,0.02512799948,303.2084961,0,0,0,0.1344175041,-0.0001843325008,87.21940613,332.6379507,-462.3834839
0.02236939967,-0.01115550008,0.02512799948,303.2090149,0,0,0,0.131496489,-0.000182375501,87.85175323,333.4796705,-464.2805176
0.02245239913,-0.0109842997,0.02512799948,303.2095032,0,0,0,0.1285330057,-0.0001810374961,88.21630096,333.9089082,-465.0144958
0.0226156991,-0.01064770017,0.02512799948,303.2105103,0,0,0,0.1255744994,-0.000179789,88.39199829,334.7732226,-466.5869751
0.02269430086,-0.01048559975,0.02512799948,303.2109985,0,0,0,0.1229584962,-0.0001781445026,88.90155029,335.1992564,-467.9519958
0.02279550023,-0.01025629975,0.02512799948,303.2109985,0,0,0,0.1202159971,-0.0001748779905,89.43405151,335.7580876,-468.7935181
0.02293249965,-0.009943179786,0.02512799948,303.2109985,0,0,0,0.1171440035,-0.0001733700046,89.61830139,336.5344965,-469.8314819
0.02301549911,-0.009753439575,0.02512799948,303.2120056,0,0,0,0.1141455024,-0.0001710295037,89.91055298,337.0168855,-471.5440063
0.02315239981,-0.009425540455,0.02512799948,303.2130127,0,0,0,0.1111375019,-0.0001686099858,90.38145447,337.8342058,-472.9874878
0.02322209999,-0.009247380309,0.02512799948,303.2120056,0,0,0,0.1084325016,-0.0001674829982,90.6839447,338.2615139,-471.8664856
0.02331450023,-0.009011459537,0.02512799948,303.2114868,0,0,0,0.105607003,-0.0001649920014,90.79650116,338.8406307,-471.7124939
0.02343649976,-0.008699730039,0.02512799948,303.2120056,0,0,0,0.1024985015,-0.0001628180034,91.13220215,339.6292786,-473.1010132
0.02350739948,-0.008501229808,0.02512799948,303.2120056,0,0,0,0.09943194687,-0.0001600959949,91.51875305,340.1013218,-473.144989
0.0236236006,-0.008166169748,0.02512799948,303.2120056,0,0,0,0.09636124969,-0.0001581635006,91.68025208,340.8991441,-472.7944946
0.02368469909,-0.00798986014,0.02512799948,303.2120056,0,0,0,0.09363365173,-0.0001575975039,91.76135254,341.3317797,-473.2454834
0.0237680003,-0.007749760058,0.02512799948,303.2125244,0,0,0,0.09072430432,-0.0001537265052,92.04699707,341.9377119,-475.0834961
0.02387039922,-0.007415569853,0.02512799948,303.2130127,0,0,0,0.0875364542,-0.0001511765004,92.35244751,342.7106328,-475.6065063
0.02392389998,-0.007239100058,0.02512799948,303.2125244,0,0,0,0.08480735123,-0.000151329994,92.43209839,343.1280919,-474.6019897
0.02399699949,-0.006998190191,0.02512799948,303.2125244,0,0,0,0.0821621567,-0.0001495494944,92.51210022,343.7152538,-474.7839966
0.02406910062,-0.00675632013,0.02512799948,303.213501,0,0,0,0.07908275723,-0.0001449595002,92.73745728,344.3153112,-476.4719849
0.0241537001,-0.006432190072,0.02512799948,303.213501,0,0,0,0.07591900229,-0.00014265551,92.93595123,345.0492634,-476.7659912
0.02420240082,-0.006245629862,0.02512799948,303.2125244,0,0,0,0.07315114886,-0.0001428725081,92.98419952,345.4881951,-475.0870056
0.02426600084,-0.006001689937,0.02512799948,303.2120056,0,0,0,0.07044780254,-0.0001404170034,93.06755066,346.0817784,-474.3560181
0.02432679944,-0.00575596001,0.02512799948,303.2120056,0,0,0,0.06733985245,-0.0001357285073,93.2167511,346.673403,-474.9105225
0.02439769916,-0.005432850216,0.02512799948,303.2114868,0,0,0,0.06416799873,-0.0001333270047,93.32009888,347.3976901,-474.6085205
0.02443890087,-0.005245340057,0.02512799948,303.2109985,0,0,0,0.06139130145,-0.0001331449894,93.34739685,347.8380543,-473.6295166
0.02449290082,-0.004999130033,0.02512799948,303.2109985,0,0,0,0.05867224932,-0.0001304839971,93.40559387,348.4401838,-473.3845215
0.02454170026,-0.0047534802,0.02512799948,303.2105103,0,0,0,0.05577500165,-0.0001270555076,93.48320007,349.0122662,-472.5720215
0.02458620071,-0.004504560027,0.02512799948,303.2099915,0,0,0,0.05265270174,-0.0001240799902,93.5197525,349.5608928,-471.9794922
0.02464319952,-0.004185230006,0.02512799948,303.2099915,0,0,0,0.04948770255,-0.0001229464979,93.52865601,350.3083389,-472.1715088
0.02467699908,-0.003996099811,0.02512799948,303.2099915,0,0,0,0.04670529813,-0.0001216435048,93.54290009,350.7798452,-472.0120239
0.02471490018,-0.00374703994,0.02512799948,303.2095032,0,0,0,0.04395975173,-0.0001186515001,93.5503006,351.3387677,-471.0029907
0.02474910021,-0.003499580082,0.02512799948,303.2090149,0,0,0,0.04104720056,-0.0001161830005,93.54615021,351.8757803,-469.7265015
0.02478330024,-0.003252239898,0.02512799948,303.2090149,0,0,0,0.0381362997,-0.0001147434959,93.54129791,352.4506241,-469.4595032
0.02481760085,-0.003003980033,0.02512799948,303.2090149,0,0,0,0.03520995006,-0.0001116615022,93.50079346,353.0746227,-469.6040039
0.02484509908,-0.002751630032,0.02512799948,303.2090149,0,0,0,0.03207734972,-0.0001066225013,93.43659973,353.6185536,-469.614502
0.02487600036,-0.002437579911,0.02512799948,303.2084961,0,0,0,0.0289350003,-0.0001050185019,93.4029541,354.2910333,-468.8875122
0.02489460073,-0.002248869976,0.02512799948,303.2080078,0,0,0,0.0261595007,-0.0001049974962,93.38884735,354.7369303,-468.039978
0.02491950057,-0.001996459905,0.02512799948,303.2080078,0,0,0,0.02338835038,-0.0001015132439,93.28540039,355.4008177,-467.4609985
0.02493559942,-0.001746410038,0.02512799948,303.2075195,0,0,0,0.02044524997,-9.793289792e-05,93.16214752,355.886554,-465.8875122
0.02495029941,-0.001496850047,0.02512799948,303.2064819,0,0,0,0.01751130074,-9.6153497e-05,93.12204742,356.386564,-464.3479919
0.02496499941,-0.001247670036,0.02512799948,303.2059937,0,0,0,0.01458104979,-9.46612563e-05,93.09454346,356.9678128,-464.0744934
0.0249796994,-0.0009985839715,0.02512799948,303.2059937,0,0,0,0.01165325008,-9.12766991e-05,92.92329407,357.6908538,-463.759491
0.02498530038,-0.0007491279976,0.02512799948,303.2055054,0,0,0,0.008723329753,-8.773320587e-05,92.73919678,358.035093,-462.1585083
0.02499019913,-0.0004995419877,0.02512799948,303.2044983,0,0,0,0.005789379589,-8.602665184e-05,92.69390106,358.3955949,-460.6190186
0.02499509975,-0.0002498390095,0.02512799948,303.20401,0,0,0,0.002853875048,-8.447469736e-05,92.65684509,358.8655543,-460.3615112
